date,time,prediction,confidence,actual,correct,yesterday_price,today_price,reason
2025-08-14,13:11:27,UP,0.8,SAME,False,3355.995,3354.325,"The headline ""Gold Futures Rise on U.S. Interest Rate Cut Optimism"" suggests a positive sentiment towards gold prices, as lower interest rates typically increase the appeal of gold as an investment. Additionally, the mention of Newmont being undervalued amid rising gold/silver prices supports the likelihood of an upward trend."
2025-08-15,07:14:29,DOWN,0.7,SAME,False,3335.535,3341.735,"The negative earnings estimates and cuts for major gold companies like Barrick Gold and B2Gold suggest potential weakness in the gold sector, which could lead to a short-term decline in gold prices."
2025-08-16,07:12:06,SAME,0.7,SAME,True,3335.535,3339.135,"While there is some positive news regarding gold and silver mining companies, such as high-grade extensions in Mexico and better-than-expected earnings for HudBay Minerals, the overall impact on gold prices is likely neutral due to muted activity and demand in key markets like India."
2025-08-17,07:12:55,DOWN,0.7,SAME,False,3335.535,3339.135,"Several gold-related stocks and companies, including major players like Barrick Gold, have reported negative earnings or stock price declines, indicating potential bearish sentiment in the gold market."
2025-08-18,07:18:12,UP,0.7,UP,True,3339.135,3354.515,"Several positive analyst ratings and price target increases for gold-related companies, such as Avino Silver & Gold Mines and Gold Royalty Corp., suggest a favorable outlook for the sector, which could positively influence gold prices in the short term."
2025-08-19,07:13:41,SAME,0.6,SAME,True,3332.915,3340.335,"The headlines do not directly address gold prices or factors that typically influence them, such as inflation, interest rates, or geopolitical tensions. The absence of significant gold-related news suggests that the price is likely to remain stable in the short term."
2025-08-20,07:13:46,SAME,0.7,SAME,True,3315.9,3325.565,"The headlines present a mixed outlook with both positive and negative sentiments. While there is interest in gold from Asia's richest families and some positive earnings predictions for gold-related companies, there are also downgrades and increased short interest in other gold stocks, suggesting a balanced impact on short-term gold prices."
2025-08-21,07:17:08,UP,0.7,DOWN,False,3348.515,3337.505,"The bullish outlook for Galiano Gold's FY2026 earnings and positive forecasts for ASM earnings suggest positive sentiment in the gold sector, which could lead to an increase in gold prices. Additionally, geopolitical tensions, such as the situation in Gaza, often drive investors to seek safe-haven assets like gold."
2025-08-22,07:13:04,SAME,0.7,SAME,True,3339.075,3332.255,The headlines provide limited direct information on macroeconomic factors or significant market events that typically influence gold prices. The news about Trident Resources' drilling program and India's festive gold market preparation suggests potential future demand but does not indicate immediate price changes.
2025-08-23,07:11:52,UP,0.8,UP,True,3339.075,3373.235,"The headlines indicate a surge in gold prices in Nepal and significant profits for Gold Fields due to rising prices, suggesting a positive trend in the gold market. These factors point towards an upward movement in gold prices in the short term."
2025-08-24,07:12:16,SAME,0.6,UP,False,3339.075,3373.235,"The headlines do not provide significant direct news affecting gold prices. While there is some positive sentiment from insider buying activity in gold-related stocks, there is no major news indicating a strong movement in the gold market itself."
2025-08-25,07:14:15,UP,0.7,SAME,False,3373.235,3368.495,"Several headlines indicate positive movements and interest in gold-related stocks, such as Maple Gold Mines trading up significantly and DRDGOLD's expected price rise. This suggests a favorable sentiment towards gold, potentially driving its price up in the short term."
2025-08-26,07:13:44,SAME,0.7,SAME,True,3365.775,3372.535,"There are no headlines directly related to gold prices or significant economic indicators that would suggest a movement in the gold market. The news focuses on unrelated topics, so the gold price is likely to remain stable in the short term."
2025-08-27,07:12:54,UP,0.7,DOWN,False,3393.685,3374.915,"The mention of tariffs and gold in the context of market movements suggests potential increased demand for gold as a safe-haven asset, which could lead to a short-term price increase. Additionally, geopolitical tensions, such as the US's bid to outcompete China in mining, may contribute to gold's appeal as a stable investment."
2025-08-28,07:13:25,UP,0.7,SAME,False,3397.475,3396.025,"The positive trading performance of gold-related stocks like Mawson Gold and Blue Star Gold, along with Eldorado Gold receiving a favorable consensus target price, suggests a bullish sentiment in the gold market. Additionally, the mention of an ""AI Gold Rush"" indicates a growing interest and potential investment in gold-related ventures."
2025-08-29,07:13:04,SAME,0.7,SAME,True,3416.615,3410.565,"The headlines related to gold, such as the slight stock price movements of GoldMining and Freeman Gold, do not indicate significant market-moving events. Additionally, there are no major geopolitical or economic news items that typically influence gold prices, suggesting stability in the short term."
2025-08-30,07:11:04,UP,0.7,UP,True,3416.615,3452.355,"The rally in gold prices to a 3-week high, along with increased demand from Indian jewelers for the festive season, suggests a positive sentiment towards gold in the short term. Additionally, the positive movement in related stocks like Probe Gold and BMO Junior Gold Index ETF supports this upward trend."
2025-09-01,07:14:28,UP,0.7,UP,True,3452.355,3476.705,"Several gold-related stocks, including San Lorenzo Gold and Trifecta Gold, have shown significant price increases, which may indicate positive sentiment and increased interest in the gold sector. This could lead to a short-term rise in gold prices."
2025-09-02,07:13:20,UP,0.7,SAME,False,3476.665,3486.335,"The headlines indicate a positive sentiment towards gold-related stocks, with significant trading increases in companies like Trifecta Gold and Rokmaster Resources. This suggests a bullish trend in the gold market, likely influencing the overall gold price to rise in the short term."
2025-09-03,07:12:55,SAME,0.7,SAME,True,3533.125,3536.255,"While gold is hovering near record highs and the dollar is inching up, which typically exerts downward pressure on gold, there are no significant catalysts in the headlines suggesting a strong movement in either direction within the next 24 hours."
2025-09-04,07:12:41,SAME,0.7,DOWN,False,3559.605,3538.975,"The headlines do not directly address gold market dynamics or significant economic indicators that might influence gold prices. While there are mentions of market movements and global risks, there is no specific news that strongly suggests a directional change in gold prices within the next 24 hours."
2025-09-05,07:13:00,SAME,0.7,SAME,True,3545.955,3552.115,"The headlines do not directly relate to gold market movements or economic factors that typically influence gold prices. Most articles are unrelated to financial markets, with only a few tangential mentions of gold, suggesting no significant impact on gold prices in the immediate term."
2025-09-06,07:11:05,SAME,0.7,UP,False,3545.955,3594.685,The headlines do not provide any significant direct news related to gold prices or market-moving events specific to gold. The mention of a gold fraud case is not substantial enough to impact the overall gold market.
2025-09-07,07:11:26,UP,0.7,UP,True,3545.955,3594.685,"The recent surge in gold prices to a record high suggests strong upward momentum, and the exemption of gold from new tariffs could further support this trend. Additionally, the positive sentiment around precious metals, as indicated by the upgraded stock ratings for companies like Dundee Precious Metals, may contribute to continued interest in gold."
2025-09-08,07:13:31,SAME,0.7,SAME,True,3594.685,3604.165,"The headlines do not provide any significant news directly related to the gold market or major economic indicators that would typically influence gold prices. Most headlines focus on individual company stocks or unrelated topics, suggesting no immediate impact on gold prices."
2025-09-09,07:13:23,UP,0.7,UP,True,3636.02,3647.935,"The mention of a conspiracy involving the gold market by Putin’s advisor suggests potential geopolitical tensions, which can drive investors to seek gold as a safe-haven asset, potentially increasing its price. Additionally, the interest in promising gold stocks indicates a positive sentiment towards gold investments."
2025-09-10,07:13:13,UP,0.8,UP,True,3626.01,3647.495,"The headline indicating a record high in gold prices due to Fed rate cut bets and a weak dollar suggests a positive sentiment towards gold, likely driving prices up in the short term."
2025-09-11,07:13:22,UP,0.8,DOWN,False,3640.705,3629.485,"The repeated news of ANZ hiking its gold price forecast to $3,800 due to solid investment demand suggests a strong bullish sentiment in the market, likely influencing short-term gold prices to rise."
2025-09-12,07:12:32,DOWN,0.7,UP,False,3634.035,3652.435,"The headline ""Gold price drops, silver holds steady"" suggests a recent decline in gold prices, which may continue in the short term. Additionally, the lack of significant positive news specifically about gold itself, as opposed to gold-related companies, supports this prediction."
2025-09-13,07:10:54,UP,0.8,UP,True,3634.035,3644.185,"The headlines indicate a significant surge in inflows into Gold ETFs and a jump in gold futures prices, suggesting increased investor interest and demand in the gold market, which is likely to drive prices up in the short term."
2025-09-14,07:11:31,UP,0.7,UP,True,3634.035,3644.185,"The headlines indicate a positive sentiment towards gold-related stocks, such as Gold Royalty and Kinross Gold Corporation, with new coverage and price targets. Additionally, the gold price edging closer to Rs 1,10,000 in major cities suggests a bullish trend in the physical gold market."
2025-09-15,07:13:56,SAME,0.6,SAME,True,3644.185,3635.155,"The headlines do not provide significant direct information about the gold market itself. While there is a mention of gold in the context of a jewelry seizure, it is not directly related to the broader gold market. The lack of substantial gold-specific news suggests that prices are likely to remain stable in the short term."
2025-09-16,07:13:48,DOWN,0.7,UP,False,3679.245,3692.585,"The headline about Thailand considering a tax on gold trades to slow the Baht rally suggests potential regulatory pressure on gold trading, which could negatively impact gold prices in the short term. Additionally, soaring bullion prices threatening India's festive gold demand may indicate a potential decrease in demand, contributing to downward pressure on prices."
2025-09-17,07:12:56,UP,0.7,DOWN,False,3689.805,3672.205,"The headlines indicate positive movements in gold-related stocks, such as Troilus Gold's significant share increase and growth in short interest for a gold miners ETF, suggesting increased investor interest and potential upward pressure on gold prices."
2025-09-18,07:13:01,DOWN,0.6,DOWN,True,3659.65,3642.945,"The robbery involving 20 kg of gold suggests a potential increase in gold supply in the black market, which could exert downward pressure on prices. Additionally, the decrease in stock prices of gold-related companies like New Found Gold indicates bearish sentiment in the market."
2025-09-19,07:13:12,UP,0.7,SAME,False,3644.475,3649.465,"The expansion of Trident Resources' drill program and Zijin Gold's IPO interest suggest increased activity and investment in the gold sector, which can be seen as positive indicators for gold prices. Additionally, the US Fed's rate cut could weaken the dollar, often leading to higher gold prices as investors seek safe-haven assets."
2025-09-20,07:11:40,SAME,0.7,UP,False,3644.475,3684.445,"The headlines do not provide significant direct information about gold price movements. The mention of U.S. GoldMining's short interest decreasing and stock price slightly down suggests minor negative sentiment, but not enough to strongly influence gold prices. Other headlines are unrelated to gold price movements."
2025-09-21,07:10:54,SAME,0.7,UP,False,3644.475,3684.445,"The headlines do not contain significant news directly impacting the gold market, such as geopolitical tensions, major economic data releases, or central bank actions. The mentions of gold-related companies and their stock movements do not provide enough evidence to suggest a significant change in gold prices in the short term."
2025-09-22,07:14:13,UP,0.7,UP,True,3684.445,3710.975,"Several gold-related companies, including Eldorado Gold and Alamos Gold, have received upgraded ratings, and multiple gold mining stocks, such as Japan Gold and Providence Gold Mines, have experienced significant price increases. These positive movements suggest a favorable sentiment towards gold, likely influencing the overall gold price to rise in the short term."
2025-09-23,07:13:46,UP,0.8,SAME,False,3746.5,3751.825,"Gold has recently hit an all-time high, and prices are rising in various global markets, indicating strong bullish sentiment. Additionally, the increase in gold prices in local currencies suggests a consistent upward trend."
2025-09-24,07:13:35,UP,0.8,SAME,False,3764.68,3774.105,The headline indicating that gold is on track for its best year since 1979 and hitting a record high suggests strong upward momentum in the gold market. This positive sentiment is likely to influence short-term price movements favorably.
2025-09-25,07:13:53,UP,0.7,SAME,False,3736.135,3743.555,"The headlines indicate increased interest and investment in gold-related stocks, such as Strs Ohio purchasing shares in Gold Fields Limited and taking a position in Sibanye Gold Limited. Additionally, the mention of gold nearing a record high suggests positive sentiment in the market, which could drive short-term price increases."
2025-09-26,07:13:17,DOWN,0.7,SAME,False,3749.375,3743.905,"The headline indicating a slip in gold futures ahead of key US inflation data suggests a potential downward pressure on gold prices, as investors may be cautious and adjust their positions in anticipation of economic indicators. Additionally, the decrease in earnings estimates for major gold mining companies like Barrick Mining could further contribute to a negative sentiment in the gold market."
2025-09-27,07:10:54,DOWN,0.7,UP,False,3749.375,3766.715,"The news about Egyptians being outraged over a stolen pharaoh’s bracelet being melted down for gold suggests potential negative sentiment towards gold. Additionally, the downgrade in Barrick Gold's earnings estimate could indicate weaker performance expectations in the gold sector, contributing to a likely short-term decrease in gold prices."
2025-09-28,07:11:26,SAME,0.7,UP,False,3749.375,3766.715,"The headlines do not provide significant direct information impacting gold prices. While there are mentions of related mining companies and financial forecasts, none of the news directly suggests a strong influence on gold prices in the immediate short term."
2025-09-29,07:14:02,SAME,0.6,UP,False,3766.715,3817.245,"The headlines primarily focus on individual resource companies rather than broader market trends affecting gold. While there is mention of an increased price target for Western Copper & Gold, the overall sentiment from the news does not strongly indicate a significant movement in the gold market itself."
2025-09-30,07:14:16,UP,0.8,UP,True,3833.46,3854.405,"The headline indicating that gold has hit a new high above $3,800/oz due to a softer dollar and rate-cut bets suggests increased investor interest and demand for gold, which is likely to drive prices higher in the short term."
2025-10-01,07:13:55,SAME,0.7,SAME,True,3858.72,3865.735,"The headlines do not directly impact gold prices, with most news focusing on unrelated sectors like retail, technology, and sports. The mention of promising gold stocks suggests some interest, but without significant economic or geopolitical events, the gold price is likely to remain stable."
2025-10-02,07:12:52,SAME,0.6,SAME,True,3865.745,3872.025,"The headlines do not indicate any significant new developments directly affecting gold prices. The mention of a U.S. government shutdown could have a potential impact, but without further context or additional related news, the overall influence on gold prices appears neutral for the short term."
2025-10-03,07:12:51,SAME,0.7,SAME,True,3856.605,3858.005,"The news headlines do not provide any significant direct information or developments related to the gold market itself. While there are mentions of companies involved in mining and resources, there is no clear indication of factors that would drive gold prices up or down in the immediate term."
2025-10-04,07:11:07,SAME,0.6,UP,False,3856.605,3885.925,"The headlines present a mixed outlook for gold-related stocks, with some downgrades and some positive forecasts. While specific companies have received target price adjustments, there is no significant news indicating a strong directional movement for the overall gold market in the short term."
2025-10-05,07:10:55,UP,0.7,UP,True,3856.605,3885.925,"Several headlines suggest positive sentiment towards gold, such as the forecasted strong price appreciation for Lundin Gold and Wesdome Gold Mines, and the discussion of gold's potential rally during Diwali. Additionally, Osisko Gold Royalties' share price passing above the 50-day moving average indicates positive momentum in the gold sector."
2025-10-06,07:14:29,UP,0.7,UP,True,3885.925,3935.475,"Despite some downgrades in gold-related stocks, the upgrade of Sibanye Gold to a ""Strong-Buy"" and the positive movement in other mining stocks such as Granada Gold Mine suggest a bullish sentiment in the gold sector. Additionally, the record highs in Bitcoin, a competing asset, may drive some investors back to gold as a safe haven, contributing to a potential increase in gold prices."
2025-10-07,07:13:30,UP,0.7,SAME,False,3960.055,3950.155,"The headlines indicate a strong positive sentiment towards gold, with Goldman Sachs forecasting a significant long-term price increase and reports of gold nearing $4,000. This suggests a bullish trend in the short term as well."
2025-10-08,07:12:53,SAME,0.7,UP,False,3984.845,4037.125,"The headlines provided do not contain any significant news directly related to gold prices or the broader economic factors that typically influence gold, such as inflation, interest rates, or geopolitical tensions. As a result, there is no clear indication of a short-term movement in gold prices."
2025-10-09,07:13:10,UP,0.8,DOWN,False,4041.01,4028.645,"The headlines indicate that spot gold has risen above $4,000 for the first time, suggesting strong upward momentum. Additionally, gold's record surge past $4,000 implies that investors may be using gold as a hedge, further supporting a continued upward trend in the short term."
2025-10-10,07:13:08,UP,0.7,DOWN,False,3977.06,3958.655,"The headline ""Gold is king: Why these Aussies are hoarding bullion"" suggests increased interest and demand for gold, which typically drives prices up. Additionally, concerns about a potential US stock market correction, as mentioned by JPMorgan CEO Dimon, may lead investors to seek safe-haven assets like gold, further supporting a price increase."
2025-10-11,07:10:53,DOWN,0.7,UP,False,3977.06,4010.675,"The headline indicating that gold has slipped below $4,000, coupled with the fall in WTI and Brent Crude prices due to geopolitical tensions, suggests a negative sentiment around gold prices in the short term. Additionally, the overall bearish sentiment in Asian markets may contribute to downward pressure on gold prices."
2025-10-12,07:12:04,UP,0.7,UP,True,3977.06,4010.675,"The headline ""Why Gold’s Ascent May Be Just Getting Started"" suggests a positive outlook for gold prices. Additionally, the discovery of gold nanoparticles in spruce trees could spark interest and speculation in the gold market, potentially driving prices up in the short term."
2025-10-13,07:14:22,UP,0.7,UP,True,4010.675,4073.125,"The news of gold price rising by Rs 3,000 per tola today, along with significant inflows into gold and silver ETFs, suggests a positive sentiment and increased demand for gold, likely driving prices higher in the short term."
2025-10-14,07:14:04,UP,0.8,SAME,False,4110.23,4108.765,"The headlines indicate increased demand for gold as a safe haven due to heightened US-China tensions and record domestic gold prices, suggesting a likely short-term upward movement in gold prices."
2025-10-15,07:13:51,UP,0.8,UP,True,4141.98,4198.725,"Recent headlines indicate that gold has hit a record high due to US rate cut bets and increased safe-haven demand, suggesting strong upward momentum. Additionally, the festive buying season is adding a premium to gold prices, further supporting an upward trend in the short term."
2025-10-16,07:13:47,DOWN,0.7,UP,False,4208.05,4230.405,"Despite gold hitting an all-time high of $4,200, the mention of a global capital market agency warning about a potential price fall suggests a bearish sentiment. Additionally, the high current prices might trigger profit-taking by investors, leading to a short-term price decline."
2025-10-17,07:13:19,UP,0.8,UP,True,4328.08,4357.465,"Several headlines indicate a strong upward momentum for gold, including a record price surge and the notion that there is little to stop the current rally. Additionally, the mention of gold as an antifragile currency amid dollar decline suggests increased investor interest in gold as a safe haven."
2025-10-18,07:11:31,UP,0.8,DOWN,False,4328.08,4225.385,"The headline indicating that gold may climb to $4,500 an ounce due to strengthening Asian demand suggests a positive sentiment towards gold prices. Additionally, the mention of gold reaching a $30 trillion market cap further supports the potential for an upward movement in the short term."
2025-10-19,07:11:41,SAME,0.7,DOWN,False,4328.08,4225.385,"The headlines do not provide any direct information or significant economic indicators related to gold prices. While there is a mention of Dhanteras, a festival where gold buying is common in India, it is not enough to predict a significant short-term movement in gold prices."
2025-10-20,07:14:28,SAME,0.7,UP,False,4225.385,4253.945,"While there are conflicting reports about gold prices, with some indicating a firm trend amid a weak rupee and global uptrend, and others noting a sharp drop, the lack of a dominant narrative suggests that prices are likely to remain stable in the short term."
2025-10-21,07:14:14,SAME,0.6,DOWN,False,4356.07,4331.325,"The headlines do not provide any significant direct impact on gold prices. While there is mention of gold in the context of Diwali investments, it is balanced by other unrelated news, suggesting no strong immediate influence on gold price movement."
2025-10-22,07:13:37,SAME,0.7,UP,False,4124.82,4139.005,"There are no significant headlines directly related to gold that would suggest a strong movement in its price. The mention of gold in a product launch is not likely to impact the market significantly. Other headlines focus on unrelated topics, suggesting stability in gold prices in the short term."
2025-10-23,07:13:59,DOWN,0.7,UP,False,4098.34,4116.455,"The significant drop in Chinese gold producers following bullion's largest decline in 12 years suggests a bearish sentiment in the gold market, which may lead to further downward pressure on gold prices in the short term."
2025-10-24,07:13:15,DOWN,0.7,DOWN,True,4126.67,4091.885,"The headlines suggest a potential cooling off of gold prices post-Diwali, which is a significant gold-buying period in India. Additionally, the mention of tariff impacts on Indian exporters could indicate reduced demand, contributing to a short-term decrease in gold prices."
2025-10-25,07:12:15,UP,0.7,DOWN,False,4126.67,4103.945,"The news indicates a rise in retail sales in Great Britain, which is boosted by gold demand. This suggests an increased interest in gold, potentially driving its price up in the short term."
2025-10-26,07:11:56,DOWN,0.7,DOWN,True,4126.67,4103.945,"Despite a warning from JPMorgan's CEO about potential future surges, the immediate sentiment is negative with headlines indicating that gold is set to end a nine-week winning streak and has experienced its first weekly loss in ten weeks. Additionally, a modest gain in the US dollar could exert downward pressure on gold prices."
2025-10-27,07:14:32,SAME,0.7,DOWN,False,4103.945,4072.065,"The headlines do not directly relate to gold market fundamentals or economic indicators that typically influence gold prices, such as inflation rates or geopolitical tensions. The mention of ""city of gold"" in a cultural context and unrelated events like art fairs and thefts do not provide a strong basis for predicting significant short-term price movements."
2025-10-28,07:13:45,DOWN,0.8,DOWN,True,3988.975,3945.065,"Multiple headlines indicate that optimism around the US-China trade deal is reducing the safe haven appeal of gold, alongside a stronger dollar, which typically pressures gold prices downward."
2025-10-29,07:13:56,UP,0.7,UP,True,3934.685,3994.995,"The discovery of new gold deposits in Greenland with high-grade gold content could lead to increased interest and investment in gold, potentially driving prices up in the short term."
2025-10-30,07:13:15,DOWN,0.8,UP,False,3941.685,3970.345,"The headline indicating that gold has fallen for the fourth straight day ahead of the Federal Reserve rate decision suggests a bearish sentiment in the market. This trend, combined with the anticipation of the Fed's decision, likely contributes to continued downward pressure on gold prices in the short term."
2025-10-31,07:13:12,UP,0.8,DOWN,False,4040.495,4010.985,"The news highlights increased gold purchases by central banks and a significant surge in gold investment demand in India, both of which are strong indicators of upward pressure on gold prices in the short term."
2025-11-01,07:12:00,DOWN,0.7,DOWN,True,4037.845,4002.775,"The recent news indicates a dip in gold prices amid caution from the Federal Reserve and a US-China trade truce, suggesting a bearish sentiment in the short term."
2025-11-02,07:12:23,DOWN,0.7,DOWN,True,4037.845,4002.775,"The headline about China ending a gold tax break suggests a potential decrease in demand from a key bullion market, which could exert downward pressure on gold prices in the short term."
2025-11-03,07:14:26,UP,0.7,UP,True,4002.775,4015.825,"The headlines indicate a recent increase in gold prices by Rs 700 per tola and a gold rally benefiting cyanide producers, suggesting positive momentum in the gold market. Additionally, the development of Hong Kong as an international gold trading hub by a Swiss firm may further support this upward trend."
2025-11-04,07:13:54,SAME,0.7,DOWN,False,4001.32,3985.715,"The headlines provided do not directly relate to gold market dynamics or significant economic indicators that typically influence gold prices. Without specific news on gold supply, demand, or macroeconomic factors such as inflation or interest rates, the gold price is likely to remain stable in the short term."
2025-11-05,07:13:39,DOWN,0.8,UP,False,3932.075,3966.905,"The headlines indicate a decline in gold and silver prices due to a strong dollar and easing US-China tensions, which reduces the demand for gold as a safe-haven asset."
2025-11-06,07:13:26,UP,0.7,UP,True,3979.68,3997.115,"Despite a recent drop in the local market, the news of gold rebounding due to haven demand amidst a risk-off mood suggests a potential upward movement in gold prices as investors seek safe assets."
2025-11-07,07:13:27,UP,0.7,UP,True,3977.185,4008.705,"The headline ""Gold Has Been Soaring Since Trump’s Election. It May Keep Climbing"" suggests a continued upward trend in gold prices. Additionally, the approval of the expansion of Victoria's largest gold mine indicates positive industry sentiment, which could further support a rise in gold prices."
2025-11-08,07:12:11,UP,0.7,UP,True,3977.185,4004.175,"The headlines suggest increased institutional interest and investment in gold, particularly with HeraclesCapital's investment in MiloGold and record inflows into India's Gold ETFs. These factors indicate a positive sentiment towards gold, likely driving its price upward in the short term."
2025-11-09,07:12:26,SAME,0.7,UP,False,3977.185,4004.175,"None of the headlines directly relate to gold or factors that typically influence its price, such as economic data, geopolitical tensions, or changes in monetary policy. Therefore, there is no strong indication for a significant movement in the gold price."
2025-11-11,07:14:08,UP,0.7,UP,True,4116.025,4130.215,"The news of a significant surge in gold prices in Nepal suggests increased demand or market activity, which could influence global perceptions and trading behavior, potentially leading to a short-term increase in gold prices."
2025-11-12,07:14:17,SAME,0.6,SAME,True,4126.885,4123.675,"The headlines provided do not directly relate to gold or significant economic indicators that would influence gold prices. Without relevant news impacting gold demand or supply, the price is likely to remain stable in the short term."
2025-11-13,07:13:39,DOWN,0.7,UP,False,4195.55,4209.365,"The headline indicating a significant drop in gold price by Rs 2,100 per tola suggests a downward trend in the short term. This immediate price drop is likely to influence market sentiment negatively over the next 24 hours."
2025-11-14,07:13:43,SAME,0.7,SAME,True,4171.125,4174.155,"The headlines provided do not contain significant news directly related to gold market dynamics or macroeconomic factors that typically influence gold prices, such as interest rates, inflation data, or geopolitical tensions. The mention of gold prices in different cities is informational and does not indicate a market-moving event."
2025-11-15,07:11:57,SAME,0.6,DOWN,False,4171.125,4087.065,"The headlines do not directly relate to gold or indicate significant economic shifts that would impact gold prices. While there is market volatility due to Bitcoin's crash, it is not clear if this will directly affect gold in the short term."
2025-11-16,07:12:18,UP,0.7,DOWN,False,4171.125,4087.065,"The headline mentioning a significant increase in passive fund assets driven largely by gold ETF inflows suggests a rising demand for gold, which is likely to positively impact its price in the short term."
2025-11-17,07:14:26,DOWN,0.7,DOWN,True,4087.065,4071.215,"The only relevant headline indicates a decrease in gold and silver prices in the Nepali market, suggesting a potential downward trend in gold prices in the short term."
2025-11-18,07:14:14,SAME,0.6,DOWN,False,4045.24,4006.065,The headlines provided do not directly relate to gold market dynamics or significant economic indicators that could influence gold prices. The lack of relevant news suggests that gold prices are likely to remain stable in the short term.
2025-11-19,07:14:13,DOWN,0.7,UP,False,4067.335,4086.545,"The headline indicating that gold and silver futures have been sliding for the third day suggests a bearish sentiment in the market. Additionally, the waning bets on a Fed rate cut could further pressure gold prices downward, as higher interest rates typically reduce the appeal of non-yielding assets like gold."
2025-11-20,07:14:01,UP,0.7,SAME,False,4077.865,4074.555,"The rebound in gold and silver futures after a three-day sell-off suggests increased value buying, which could lead to a short-term increase in gold prices."
2025-11-21,07:14:35,UP,0.7,DOWN,False,4077.19,4032.945,"The headline mentioning a rise in gold price by Rs 700 per tola suggests a recent upward movement in gold prices. Additionally, the mention of a ""cold gold rush"" in the Arctic indicates increased interest and potential demand in gold-related activities, which could contribute to a short-term increase in gold prices."
2025-11-22,07:12:22,DOWN,0.8,SAME,False,4077.19,4068.485,"The headline ""Gold down 1% as geopolitical tensions ease"" suggests a recent decrease in gold prices due to reduced geopolitical tensions, which typically diminishes gold's appeal as a safe-haven asset. This trend is likely to continue in the short term."
